Date,P_release,P_uptake,TSS,VSS,VSS_TSS,percent_P_removal
2005-05-26,23.223209328151,0,537.333333333333,338.666666666665,63.0272952853595,100
2005-05-31,39.3774292059967,0.00485841199333505,732.000000000002,453.333333333334,61.9307832422585,99.9876619370759
2005-06-02,43.75,0,834.666666666669,510.666666666667,61.1821086261979,100
2005-06-06,59.4183786785119,0,1036,625.333333333335,60.3603603603605,100
2005-06-08,59.9042198778456,0,1088,651.999999999999,59.9264705882355,100
2005-06-14,55.0458078845086,0.199194891726816,1136,668,58.8028169014084,99.6381288614298
2005-06-16,56.1389505830094,0.00485841199333505,1133.33333333333,692.000000000001,61.0588235294119,99.9913457377759
2005-06-21,58.9097184623714,0.151597184623714,1162.66666666667,698.66666666667,60.0917431192662,99.7426618415762
2005-06-23,55.8304006497022,0.0805360043313483,1162.66666666667,683.999999999999,58.8302752293577,99.8557488332626
2005-06-27,52.8220269156825,0.567151881351277,997.333333333333,558.666666666664,56.0160427807484,98.926296633303
2005-06-29,55.4655314474046,0,1076,621.333333333339,57.7447335811652,100
2005-07-05,47.5350178522384,0.158610271903323,1204,694.666666666667,57.6965669988925,99.6663296258847
2005-07-07,60.5122219170558,0.0384509750068658,1421.33333333333,901.333333333335,63.4146341463416,99.9364575059571
2005-07-12,20.2588574567426,0.182642131282614,1053.33333333333,909.333333333331,86.3291139240504,99.0984578884935
2005-07-14,28.4296896457017,0,497.333333333332,359.999999999999,72.3860589812332,100
2005-07-18,46.2132655863774,0.0144191156275744,925.333333333332,554.666666666665,59.9423631123918,99.9687987519501
2005-07-20,40.4456193353474,0.519088162592694,976.000000000002,630.666666666665,64.6174863387975,98.716577540107
2005-07-26,61.2331776984345,2.68195550672892,858.666666666667,552.000000000001,64.2857142857144,95.6200941915228
2005-07-28,13.5299368305411,0.591183740730568,932.000000000001,573.333333333335,61.5164520743921,95.6305506216696
2005-08-02,62.0742927767097,6.71930788244987,1213.33333333333,744.000000000001,61.3186813186816,89.1753774680604
2005-08-04,65.9193902773963,4.34015380390003,1054.66666666667,637.333333333334,60.4298356510745,93.4159679183376
2005-08-09,56.1864872287833,4.43628124141719,1156,707.999999999999,61.2456747404844,92.1043627031651
2005-08-11,57.8687173853337,0.903597912661356,1006.66666666667,649.333333333336,64.5033112582781,98.4385382059801
2005-08-15,55.2252128536116,5.85416094479539,1200,765.333333333335,63.777777777778,89.3994778067885
2005-08-18,53.6631419939577,0.687311178247734,1124,724,64.4128113879005,98.7192118226601
2005-08-23,37.0811590222466,2.53776435045317,1122.66666666666,733.33333333333,65.3206650831352,93.1561892417369
2005-08-25,56.907443010162,3.64322988190058,1134.66666666667,673.333333333333,59.3419506462985,93.597972972973
2005-08-31,62.7952485580884,10.10780005493,921.333333333335,551.999999999998,59.913169319826,83.9035591274397
2005-09-01,43.9302389453447,21.907443010162,749.333333333334,498.666666666665,66.5480427046261,50.1312910284464
2005-09-08,33.5965394122494,18.6391101345784,742.666666666665,556.000000000001,74.8653500897669,44.5207439198855
2005-09-09,34.0771765998352,17.6057401812689,737.333333333332,550.666666666665,74.6835443037974,48.3356840620592
2005-09-15,55.3453721505081,9.36281241417193,883.999999999997,525.333333333332,59.4268476621418,83.0829353017803
2005-09-16,33.3562208184565,6.43092556989838,842.666666666666,461.333333333336,54.7468354430383,80.7204610951009
2005-09-20,18.3363087063993,4.55644053831365,514.666666666669,228.000000000002,44.3005181347151,75.1507208387942
2005-09-22,14.1307333150233,3.59516616314199,466.666666666672,224.000000000002,47.9999999999999,74.5578231292517
2005-09-27,25.7861851139797,2.27341389728097,748,411.999999999999,55.0802139037432,91.1835973904939
2005-09-30,26.2668223015655,2.22535017852238,816.000000000002,460.000000000003,56.372549019608,91.5279048490393
2005-10-05,26.9877780829442,2.39357319417742,829.333333333334,445.333333333332,53.6977491961413,91.1308993766696
2005-10-06,31.5538313650096,1.3361713814886,536,252.000000000002,47.0149253731347,95.7654226961158
2005-10-13,35.1586102719033,1.11988464707498,650.666666666666,405.333333333333,62.2950819672132,96.8147641831852
2005-10-14,35.8795660532821,1.21601208459214,685.333333333335,438.666666666669,64.0077821011675,96.6108506363027
2005-10-20,41.8875308981049,1.16794836583356,676.000000000003,433.333333333336,64.1025641025642,97.2117039586919
2005-10-22,40.6859379291403,1.31213952210931,730.666666666666,474.666666666668,64.9635036496352,96.7749556999409
2005-10-25,47.174539961549,1.0718209283164,766.666666666668,488.000000000003,63.6521739130437,97.7279673968416
2005-10-27,46.5737434770667,1.16794836583356,741.333333333332,472.000000000001,63.6690647482018,97.4922600619195
2005-11-01,49.0970887118923,1.02375720955781,781.333333333336,466.666666666669,59.7269624573379,97.9148311306902
2005-11-03,50.5390002746498,0.927629772040648,773.333333333334,456,58.9655172413793,98.1645268663814
2005-11-08,51.5002746498215,1.0718209283164,804,456,56.7164179104478,97.9188054129725
2005-11-10,51.380115352925,0.855534193902774,818.666666666668,470.666666666668,57.4918566775245,98.3348924228251
2005-11-15,52.3413897280967,0.591183740730568,854.666666666664,493.333333333332,57.7223088923557,98.870523415978
2005-11-17,52.8220269156825,0.855534193902774,877.333333333334,542.666666666666,61.8541033434649,98.3803457688808
2005-11-30,53.4228234001648,1.38423510024718,936,584.000000000001,62.3931623931624,97.4089068825911
2005-12-08,55.1050535567152,0.879566053282065,979.999999999999,594.666666666663,60.6802721088433,98.4038377671173
2005-12-13,60.1822116727171,0.454481988271433,967.999999999997,606.666666666665,62.67217630854,99.2448233861145
2005-12-14,60.4265568277018,0.723261658754539,974.666666666666,592,60.7387140902873,98.8030731904569
2006-01-06,55.4174811505166,0.210136833286792,1245.33333333333,761.333333333335,61.1349036402572,99.620811287478
2006-01-19,55.2953085730243,0.0635297402960076,1028,703.999999999996,68.4824902723732,99.8851082633672
2006-01-24,54.3179279530857,0,939.999999999997,558.666666666664,59.4326241134751,100
2006-01-26,52.9740296006702,0,983.999999999995,418.666666666665,42.5474254742548,100
2006-02-02,54.0735827981011,1.55403518570232,1029.33333333333,551.999999999998,53.6269430051812,97.1260732037958
2006-02-08,58.4717955878246,6.24546216140743,1185.33333333333,713.333333333332,60.179977502812,89.3188466360217
2006-02-09,58.9604858977939,0.210136833286792,1056,626.666666666663,59.3434343434342,99.6435971819312
2006-02-17,60.915247137671,4.82826026249651,1117.33333333333,661.333333333334,59.1885441527447,92.0738066586442
2006-02-23,45.1549846411617,0.381178441776041,1185.33333333333,725.333333333333,61.1923509561307,99.1558441558442
2006-02-24,51.8744764032393,0.283440379782185,1066.66666666667,653.333333333335,61.2500000000001,99.4536033914272
2006-03-02,50.6527506283161,1.01647584473611,1233.33333333333,710.666666666668,57.6216216216217,97.9932465026532
2006-03-03,54.0735827981011,0.55222005026529,968.000000000003,622.666666666666,64.3250688705232,98.9787618617262
2006-03-07,70.2003630270874,1.84724937168389,934.666666666664,609.333333333331,65.1925820256776,97.3686042464323
2006-03-15,51.5079586707624,2.31150516615471,1201.33333333333,659.999999999998,54.9389567147612,95.5123339658444
2006-03-24,70.0781904495951,4.07079028204412,986.666666666665,598.666666666663,60.6756756756754,94.1910739191074
2006-03-30,73.9877129293493,5.68346830494275,1290.66666666667,729.333333333333,56.5082644628099,92.3183619550859
2006-04-06,65.8021502373639,8.49343758726613,921.333333333335,610.666666666667,66.2807525325614,87.0924619383587
2006-04-11,62.8700083775482,3.85087964255795,910.666666666664,613.333333333334,67.3499267935581,93.8748542557326
2006-04-18,48.8991007669929,1.86524728907696,1005.33333333333,562.666666666667,55.9681697612733,96.1855182205395
2006-04-20,63.8257074847924,2.42065591113462,1093.33333333333,576.000000000002,52.6829268292684,96.2073966642495
2006-04-27,47.1634488230627,1.51811690029093,1292,628.000000000002,48.606811145511,96.7811579980373
2006-05-04,48.0891298598254,2.5826500925681,1149.33333333333,530.666666666667,46.1716937354989,94.6294513955727
2006-05-10,65.3299391695319,10.7980692938376,1153.33333333333,630.666666666665,54.6820809248553,83.4714842366277
2006-05-24,61.9743454112669,29.3116900290928,621.333333333336,469.333333333335,75.5364806866952,52.7035100821509
2006-05-29,38.1380587146258,17.2778365511769,258.666666666668,207.999999999998,80.4123711340194,54.6966019417476
2006-06-03,31.7740015868818,15.7736048664374,579.999999999998,480,82.7586206896555,50.3568827385288
2006-06-05,22.5171912192542,10.6360751124041,611.999999999995,480,78.4313725490203,52.7646454265159
2006-06-14,17.5416556466543,5.42911928061359,357.333333333332,236.000000000001,66.0447761194033,69.0501319261214
2006-06-21,20.4344088865379,3.16120074054483,368.000000000001,237.333333333331,64.4927536231876,84.5300113250283
2006-07-06,31.5425813276911,0.175879396984924,661.333333333332,397.333333333334,60.0806451612906,99.4424064563463
2006-07-12,43.4607246760116,4.29516001057921,1156,685.333333333332,59.2848904267588,90.1171458998935
2006-07-13,57.4616503570484,2.07352552234858,1165.33333333333,642.666666666667,55.1487414187645,96.3914619412002
2006-07-20,83.2650092568104,1.63382702988627,1200,662.666666666665,55.2222222222222,98.0377987770984
2006-07-21,75.9752710923036,20.4945781539275,1101.33333333333,695.999999999997,63.1961259079902,73.0246725555894
2006-07-28,56.0731288019043,4.43401216609363,1120,775.999999999997,69.2857142857142,92.0924473792819
2006-08-03,41.4936524728908,3.04549061094948,1132,737.333333333335,65.1354534746761,92.6603457891801
2006-08-10,45.0806664903465,1.12470245966675,1113.33333333334,625.333333333332,56.1676646706585,97.5051334702259
2006-08-16,50.287622322137,2.02724147051045,1084,601.333333333335,55.4735547355474,95.9687068568799
2006-08-22,46.1220576567046,2.39751388521555,1012,634.666666666668,62.7140974967062,94.8018063221274
2006-09-01,16.7316847394869,17.4166887066913,651.999999999999,537.333333333336,82.4130879345609,0
2006-09-07,21.9386405712774,0.75443004496165,548.000000000002,366.666666666665,66.9099756690992,96.5611814345991
2006-09-12,35.0138852155514,0.0601692673895791,554.666666666671,360.000000000002,64.903846153846,99.8281559814937
2006-09-14,38.9480296217932,0.013885215551441,649.333333333333,362.666666666665,55.8521560574947,99.9643493761141
2006-09-19,55.6102882835229,3.09177466278762,814.666666666669,438.666666666666,53.8461538461536,94.4402829796088
2006-09-21,60.5858238561227,0.199021422903993,891.999999999996,461.333333333333,51.7189835575487,99.6715049656226
2006-09-26,60.5858238561227,0.106453319227717,1389.33333333334,754.666666666669,54.3186180422265,99.8242933537051
2006-09-28,58.0402010050251,0.175879396984924,1212,645.333333333333,53.2453245324532,99.6969696969697
2006-10-03,42.6507537688442,0.013885215551441,1273.33333333333,670.666666666667,52.6701570680629,99.9674443841563
2006-10-05,56.0731288019043,0.0833112933086481,1168,599.999999999999,51.3698630136986,99.8514238547256
2006-10-12,63.8257074847924,5.38283522877546,1108,533.333333333334,48.1347773766546,91.5663524292966
2006-10-19,52.1389843956625,0.314731552499338,1528,786.666666666666,51.4834205933682,99.3963604083444
2006-10-24,57.9244908754298,0,1249.33333333333,662.666666666665,53.0416221985058,100
2006-10-26,59.8915630785507,0,975.999999999999,574.666666666665,58.879781420765,100
2006-11-03,55.3788680243322,0.199021422903993,937.333333333331,537.33333333333,57.3257467994309,99.6406184705391
2006-11-09,54.1060565987834,0.337873578418407,937.333333333337,569.333333333333,60.7396870554762,99.3755346449957
2006-11-14,46.2377677862999,4.64229039936525,893.333333333336,470.666666666665,52.6865671641788,89.95995995996
2006-11-16,45.3120867495372,0.106453319227717,1090.66666666667,612.000000000001,56.1124694376528,99.7650663942799
2006-11-21,35.9395662523142,0.2684475006612,1158.66666666667,636.000000000001,54.8906789413118,99.2530585962653
2006-11-30,58.6187516530018,0.03702724147051,1410.66666666667,857.333333333337,60.7750472589795,99.9368337939203
2006-12-05,34.6667548267654,0.013885215551441,1368,919.999999999996,67.251461988304,99.9599465954606
2006-12-07,33.1625231420259,0.245305474742131,1228,798.666666666665,65.0380021715526,99.2602930914166
2006-12-12,16.2688442211055,0.245305474742131,1352,953.333333333335,70.5128205128205,98.4921763869132
2007-01-12,36.1709865115049,0,650.666666666669,436.000000000002,67.0081967213116,100
2007-01-23,18.6987569426078,1.98095741867231,798.666666666668,681.333333333335,85.3088480801337,89.4059405940594
2007-01-31,25.2942343295424,0.0833112933086481,577.333333333332,270.666666666664,46.8822170900688,99.6706312900275
2007-02-02,31.8897117164771,0,645.33333333333,377.333333333333,58.4710743801655,100
2007-02-06,30.6169002909283,0.013885215551441,549.333333333335,406.666666666666,74.029126213592,99.9546485260771
2007-02-07,35.3610156043375,0.291589526580269,684.000000000001,452.000000000001,66.0818713450292,99.1753926701571
2007-02-15,54.3374768579741,0.152737371065855,1384,801.333333333334,57.8998073217727,99.7189097103918
2007-02-16,60.9329542449087,1.63382702988627,1058.66666666667,752,71.0327455919396,97.3186479301177
2007-02-20,54.2217667283787,0.384157630256545,1196,718.666666666667,60.0891861761427,99.2915066154503
2007-02-22,61.0486643745041,0.453583708013753,1253.33333333333,714.666666666668,57.0212765957447,99.2570128885519
2007-02-28,55.7259984131182,0.152737371065855,1092,588,53.8461538461538,99.7259136212625
2007-03-01,59.1973023009786,0.337873578418407,991.999999999997,537.333333333327,54.1666666666662,99.4292415949961
2007-03-06,16.5002644802962,28.2471568368157,411.999999999999,281.333333333332,68.2847896440128,0
2007-03-08,17.425945517059,14.0842369743454,389.333333333335,331.999999999999,85.2739726027391,19.1766268260292
2007-03-13,29.9226395133563,7.32676540597725,359.999999999999,225.333333333332,62.5925925925925,75.5143078112916
2007-03-15,31.1954509389051,0.384157630256545,445.333333333332,234.666666666667,52.6946107784435,98.7685459940653
2007-03-20,46.3534779158953,0.430441682094683,612.000000000001,337.333333333332,55.1198257080607,99.0713929106341
2007-03-22,44.3864057127744,0.013885215551441,626.666666666666,358.666666666669,57.2340425531919,99.9687174139729
2007-03-27,60.9329542449087,2.11980957418672,803.999999999997,488,60.6965174129355,96.5210786175465
2007-03-29,58.2716212642158,0,833.333333333333,486.666666666666,58.4,100
2007-04-03,65.3299391695319,0,1046.66666666666,608.000000000001,58.0891719745225,100
2007-04-06,65.2142290399365,0,987.999999999998,549.333333333335,55.6005398110664,100
2007-04-10,43.2293044168209,0.106453319227717,852.000000000001,473.333333333334,55.5555555555556,99.7537473233405
2007-04-12,43.576434805607,0.384157630256545,899.999999999999,462.666666666666,51.4074074074074,99.1184280403611
2007-04-17,46.1220576567046,0.199021422903993,1094.66666666667,440.000000000005,40.1948842874546,99.568489713999
2007-04-19,44.5021158423697,0.013885215551441,974.666666666669,438.666666666669,45.0068399452805,99.9687987519501
2007-04-24,45.8906373975139,1.35612271885744,687.999999999998,342.666666666664,49.8062015503874,97.0448814926878
2007-04-26,51.3290134884951,0.03702724147051,860.000000000003,402.66666666667,46.8217054263568,99.9278629395852
2007-05-01,59.8915630785507,0.476725733932822,1100,564,51.2727272727273,99.2040185471406
2007-05-03,51.4447236180904,0.0833112933086481,886.666666666664,534.666666666667,60.3007518796995,99.8380566801619
2007-05-08,45.4277968791325,0.152737371065855,1017.33333333333,661.333333333337,65.006553079948,99.6637799286806
2007-05-10,55.3788680243322,0,1050.66666666667,605.333333333335,57.6142131979697,100
2007-05-15,55.9574186723089,0,1241.33333333334,748,60.2577873254564,100
2007-05-17,66.9498809838667,0.013885215551441,1016,523.999999999999,51.5748031496063,99.9792602834428
2007-05-24,65.0985189103412,0,697.33333333333,383.999999999996,55.0669216061182,100
2007-05-29,89.3976461253637,1.21727056334303,1001.33333333334,574.666666666668,57.3901464713716,98.6383639658297
2007-06-01,91.8275588468659,0,1045.33333333333,624.000000000002,59.6938775510206,100
2007-06-08,62.3214758000529,0.106453319227717,912.000000000003,550.666666666665,60.380116959064,99.8291867805421
2007-06-12,55.3788680243322,0.199021422903993,786.666666666669,564,71.6949152542371,99.6406184705391
2007-06-14,62.9000264480296,0.546151811690029,786.666666666666,493.333333333332,62.7118644067796,99.1317144959529
2007-06-18,61.0486643745041,0,1134.66666666667,948.000000000002,83.548766157462,100
2007-06-21,65.6770695583179,0.013885215551441,1233.33333333333,820.000000000001,66.4864864864866,99.9788583509514
2007-06-26,88.7033853477916,0.52300978577096,1054.66666666667,778.666666666664,73.8305941845763,99.4103835116097
2007-06-28,81.4136471832848,0.314731552499338,2069.33333333334,1148,55.4768041237113,99.6134167140421
2007-07-03,53.296085691616,0.013885215551441,1085.33333333333,628.000000000002,57.8624078624081,99.9739470256188
2007-07-09,59.7758529489553,9.36326368685533,697.333333333333,463.999999999999,66.5391969407265,84.3360433604336
2007-07-10,62.2057656704576,1.86524728907696,881.333333333334,506.66666666667,57.4886535552197,97.0014880952381
2007-07-12,55.9574186723089,0,612.000000000001,504.000000000001,82.3529411764706,100
2007-07-18,40.4522613065327,0.03702724147051,745.333333333331,510.666666666664,68.5152057245079,99.908466819222
2007-07-20,27.83985718064,10.7980692938376,593.333333333336,392.000000000004,66.0674157303375,61.2136325852037
2007-07-24,31.8897117164771,0,514.666666666666,378.666666666669,73.5751295336793,100
2007-08-01,31.5425813276911,0.314731552499338,561.333333333334,426.666666666667,76.0095011876485,99.002201027146
2007-08-09,38.2537688442211,10.3120867495372,577.333333333335,416.000000000002,72.0554272517322,73.0429522081065
2007-08-14,36.5181169002909,8.32187252049722,1221.33333333334,950.666666666668,77.8384279475981,77.2116603295311
2007-08-24,55.7259984131182,0.2684475006612,744.000000000001,497.333333333335,66.8458781362008,99.5182724252492
2007-08-31,61.5115048928855,0,981.333333333335,664.000000000001,67.6630434782609,100
2007-09-07,62.3214758000529,0.685003967204443,1338.66666666667,875.999999999998,65.438247011952,98.9008540660973
2007-09-10,61.8586352816715,0.0601692673895791,1172,769.333333333332,65.6427758816835,99.9027310138421
2007-09-14,60.8172441153134,0.03702724147051,1092,689.333333333328,63.125763125763,99.9391171993912
2007-09-17,58.1559111346205,0.361015604337476,1141.33333333334,750.66666666667,65.7710280373832,99.3792280143255
2007-09-21,53.8746363395927,0.013885215551441,776,585.333333333334,75.4295532646048,99.9742268041237
2007-09-24,63.1314467072203,0.175879396984924,942.666666666666,613.333333333334,65.0636492220651,99.7214076246334
2007-10-01,56.0731288019043,0.291589526580269,1092,746.666666666667,68.3760683760686,99.4799834915394
2007-10-05,54.5688971171648,0.407299656175614,933.333333333334,594.666666666669,63.7142857142859,99.253604749788
2007-10-08,48.6676805078022,0.199021422903993,1272,878.666666666665,69.0775681341716,99.5910603899192
2007-10-12,51.2133033588998,0,970.666666666669,629.333333333332,64.8351648351645,100
2007-10-15,51.4447236180904,0.03702724147051,1236,867.999999999999,70.2265372168286,99.9280251911831
2007-10-19,52.4861147844486,0.407299656175614,1056,713.333333333332,67.550505050505,99.2239858906526
2007-10-22,51.2133033588998,0,1005.33333333334,725.333333333333,72.1485411140582,100
2007-10-29,52.0232742660672,0.152737371065855,955.999999999998,670.666666666664,70.1534170153415,99.7064056939502
2007-11-02,56.3045490610949,0.430441682094683,850.666666666671,596.000000000002,70.0626959247649,99.2355117139334
2007-11-05,46.584898175086,0.0601692673895791,1129.33333333333,846.666666666665,74.970484061393,99.8708395429707
2007-11-09,57.8087807458344,0.0833112933086481,989.333333333337,700,70.7547169811318,99.8558847077662
2007-11-12,57.6930706162391,0,1145.33333333333,836,72.9918509895228,100
2007-11-16,58.9658820417879,0.199021422903993,926.666666666668,630.666666666665,68.0575539568343,99.6624803767661
2007-11-19,52.3704046548532,0.638719915366305,963.999999999997,690.666666666662,71.6459197786995,98.7803800265135
2007-11-26,58.2716212642158,0.0833112933086481,927.999999999999,597.333333333333,64.367816091954,99.8570293884035
2007-11-30,57.1145199682624,0,875.999999999995,558.666666666664,63.7747336377474,100
2007-12-03,39.1794498809839,0.0601692673895791,534.666666666667,332.000000000002,62.0947630922697,99.8464264619019
2007-12-07,46.584898175086,0.291589526580269,1065.33333333333,585.333333333334,54.9436795994994,99.3740685543964
2007-12-10,55.1474477651415,0,1034.66666666666,602.666666666665,58.2474226804125,100
2007-12-14,56.8830997090717,0.152737371065855,850.666666666668,472.000000000001,55.485893416928,99.7314890154597
2007-12-18,39.0637397513885,0.0601692673895791,966.66666666667,542.666666666669,56.1379310344828,99.845971563981
2007-12-26,50.8661729701137,0,703.999999999999,370.666666666664,52.6515151515149,100
2007-12-28,67.1813012430574,0,676.000000000003,373.333333333337,55.226824457594,100
2008-01-04,59.7758529489553,0,730.666666666666,470.666666666665,64.4160583941604,100
2008-01-10,60.4701137265274,0,821.333333333332,486.666666666666,59.2532467532468,100
2008-01-21,58.0402010050251,0.337873578418407,861.333333333336,510.666666666667,59.2879256965942,99.4178628389155
2008-01-31,47.5105792118487,0.823856122718857,861.333333333333,524.000000000001,60.8359133126937,98.2659522649781
2008-02-04,55.1474477651415,0.569293837609098,798.66666666667,554.666666666668,69.4490818030048,98.9676877885019
2008-02-07,56.998809838667,1.65696905580534,598.666666666666,389.333333333332,65.0334075723829,97.092976045473
2008-02-11,61.6272150224808,0.407299656175614,897.333333333335,572.000000000002,63.7444279346212,99.3390912504694
2008-02-14,55.6102882835229,0.430441682094683,860.000000000003,548.000000000002,63.7209302325581,99.2259675405743
2008-02-18,62.3214758000529,0.407299656175614,945.333333333333,617.333333333333,65.3032440056418,99.3464537690308
2008-02-21,58.6187516530018,0.106453319227717,813.33333333333,506.666666666664,62.2950819672131,99.8183971575207
2008-02-28,49.7090716741603,0.129595345146786,800.000000000001,533.999999999999,66.7499999999998,99.7392923649907
2008-03-03,52.7175350436393,0.152737371065855,970.666666666666,618.666666666667,63.7362637362638,99.7102721685689
2008-03-06,50.0562020629463,0.592435863528167,856,538.666666666667,62.9283489096573,98.8164586222839
2008-03-10,57.9244908754298,0.291589526580269,795.999999999998,493.333333333329,61.976549413735,99.4966040751099
2008-03-21,53.643216080402,0.0833112933086481,796.000000000001,503.999999999998,63.3165829145725,99.8446937014668
2008-03-24,49.1305210261836,0,761.333333333332,457.33333333333,60.0700525394042,100
2008-03-27,46.8163184342766,0.03702724147051,724,432.000000000003,59.6685082872932,99.9209095402867
2008-04-03,49.5933615445649,0.499867759851891,726.666666666664,474.666666666665,65.3211009174312,98.9920671955203
2008-04-07,53.990346469188,0.361015604337476,824.000000000001,514.666666666666,62.4595469255662,99.3313330475782
2008-04-10,54.5688971171648,0.106453319227717,696,407.999999999999,58.6206896551723,99.80491942324
2008-04-14,63.1314467072203,0.175879396984924,830.666666666667,491.999999999999,59.2295345104333,99.7214076246334
2008-04-17,63.1314467072203,0.0833112933086481,861.333333333336,521.333333333332,60.5263157894734,99.8680351906158
2008-04-21,73.3139381116107,0.75443004496165,934.666666666667,577.333333333335,61.768901569187,98.9709595959596
2008-04-24,39.5265802697699,0,919.999999999999,548.000000000002,59.5652173913046,100
2008-04-28,60.4701137265274,0.361015604337476,941.33333333333,573.333333333332,60.9065155807366,99.4029850746269
2008-05-01,56.4202591906903,0.106453319227717,972,586.666666666667,60.3566529492456,99.811320754717
2008-05-05,53.8746363395927,0.106453319227717,1002.66666666667,602.666666666665,60.1063829787233,99.8024054982818
2008-05-08,52.1389843956625,0.245305474742131,946.666666666666,564,59.5774647887324,99.5295162006214
2008-05-12,51.3290134884951,0.199021422903993,901.333333333332,585.333333333331,64.9408284023667,99.6122633002705
2008-05-15,52.6018249140439,0.407299656175614,889.333333333333,570.666666666666,64.167916041979,99.22569291685
2008-05-19,56.1888389314996,0.03702724147051,904.000000000003,564,62.3893805309733,99.9341021416804
2008-05-22,60.5858238561227,0.0833112933086481,871.999999999997,549.999999999997,63.0733944954127,99.8624904507257
2008-05-26,59.1973023009786,0,869.333333333335,550.666666666671,63.343558282209,100
2008-05-29,60.4701137265274,0.013885215551441,860,549.333333333335,63.8759689922483,99.9770378874857
2008-06-02,51.3290134884951,0,959.999999999998,612.000000000001,63.7500000000002,100
2008-06-05,56.1888389314996,0.222163448823062,1001.33333333334,640.000000000001,63.9147802929427,99.6046128500824
2008-06-09,51.2133033588998,0.361015604337476,941.333333333336,577.333333333335,61.3314447592068,99.2950745594216
2008-06-12,63.709997355197,0.152737371065855,894.666666666666,538.66666666667,60.2086438152016,99.7602615328732
2008-06-16,62.2057656704576,0.175879396984924,972.000000000002,580.000000000001,59.6707818930041,99.7172619047619
2008-06-19,45.3120867495372,0.0833112933086481,945.333333333333,621.333333333333,65.7263751763046,99.8161389172625
2008-06-23,63.8257074847924,0,937.333333333331,568,60.5974395448081,100
2008-06-25,58.0402010050251,0.106453319227717,878.666666666668,572.000000000002,65.0986342943856,99.8165869218501
2008-07-01,60.2386934673367,0,906.66666666667,537.333333333336,59.264705882353,100
2008-07-07,52.4861147844486,0,962.666666666667,571.999999999999,59.4182825484763,100
2008-07-10,63.362866966411,0.03702724147051,953.333333333335,575.999999999999,60.4195804195802,99.9415631848064
2008-07-14,56.3045490610949,0.129595345146786,1041.33333333333,653.333333333335,62.740076824584,99.7698314837649
2008-07-17,62.9890062821245,0,1022.66666666667,649.333333333333,63.4941329856584,100
2008-07-21,59.7408623643632,0,966.666666666664,663.999999999998,68.6896551724138,100
2008-07-24,61.1150770988007,0,940,623.999999999999,66.3829787234042,100
2008-07-28,37.5035693889206,0,848.000000000001,659.999999999998,77.830188679245,100
2008-07-31,52.8697886921759,0.0799543118218152,870.666666666665,610.666666666667,70.1378254211334,99.8487712665407
2008-08-04,59.1162193032553,0,944,609.333333333331,64.5480225988699,100
2008-08-07,48.4972872644203,0,914.666666666664,569.33333333333,62.2448979591835,100
2008-08-11,58.4915762421473,0,964,610.666666666665,63.3471645919776,100
2008-08-14,61.7397201599086,0,907.999999999998,564.000000000003,62.1145374449344,100
2008-08-19,63.2388635065677,0,1038.66666666666,666.666666666664,64.1848523748394,100
2008-08-21,54.2440034266134,0,979.999999999999,597.333333333339,60.9523809523816,100
2008-08-25,68.7357224443175,0,884,557.333333333334,63.0467571644043,100
2008-08-28,65.862364363221,0,785.333333333333,469.333333333335,59.7623089983025,100
2008-09-05,66.2371501998858,0,948.000000000002,557.333333333334,58.7904360056258,100
2008-09-08,70.7345802398629,0,996.000000000003,597.333333333339,59.9732262382868,100
2008-09-12,63.6136493432324,0.454740148486578,954.666666666671,642.666666666667,67.3184357541897,99.2851531814611
2008-09-15,67.2365790976585,0,1088,665.333333333334,61.1519607843137,100
2008-09-19,61.7397201599086,0.329811536264991,795.999999999995,502.666666666667,63.1490787269687,99.4658033184945
2008-09-22,67.4864363221017,0,1024,591.999999999997,57.8124999999999,100
2008-09-26,65.862364363221,0,902.666666666665,533.333333333331,59.0841949778433,100
2008-09-29,60.4904340376928,0,997.333333333333,606.666666666668,60.8288770053477,100
2008-10-03,66.7368646487721,0,930.666666666671,586.666666666667,63.0372492836674,100
2008-10-06,67.4864363221017,0,988.000000000001,596.000000000002,60.3238866396763,100
2008-10-10,61.2400057110223,0.479725870930896,945.333333333333,578.666666666665,61.2129760225668,99.2166462668299
2008-10-13,61.2400057110223,0,1013.33333333333,606.666666666668,59.8684210526316,100
2008-10-17,61.1150770988007,0.554683038263848,1112,598.666666666666,53.8369304556355,99.0923957481603
2008-10-20,66.7368646487721,0,1082.66666666667,620,57.2660098522168,100
2008-10-24,76.8560822387207,0,996,481.333333333334,48.326639892905,100
2008-10-27,89.5988006853227,0,1221.33333333334,740.000000000004,60.5895196506553,100
2008-10-31,71.8589377498572,0,926.666666666665,581.333333333331,62.7338129496402,100
2008-11-05,70.6096516276414,0,994.666666666667,562.666666666667,56.5683646112601,100
2008-11-07,70.109937178755,0,910.66666666667,570.666666666666,62.6647144948752,100
2008-11-10,70.4847230154198,0,1072,665.333333333334,62.0646766169156,100
2008-11-14,59.9907195888064,0,911.999999999997,545.33333333333,59.7953216374267,100
2008-11-17,67.2365790976585,0,852.000000000001,489.33333333333,57.4334898278556,100
2008-11-21,76.8560822387207,0,999.999999999996,593.33333333333,59.3333333333332,100
2008-11-24,82.7277270131354,0,1008,633.333333333329,62.8306878306877,100
2008-11-28,71.3592233009709,0.0549685893774976,990.666666666667,585.333333333334,59.0847913862719,99.9229691876751
2008-12-01,70.3597944031982,0,986.666666666665,606.666666666665,61.4864864864864,100
2008-12-05,68.7357224443175,0.679611650485436,919.999999999996,533.333333333334,57.9710144927539,99.0112686295892
2008-12-08,69.8600799543118,1.22929754426042,999.999999999999,626.666666666666,62.6666666666666,98.2403433476395
2008-12-12,63.2388635065677,0.629640205596801,911.999999999997,494.666666666665,54.2397660818714,99.0043461082576
2008-12-15,73.9827241576242,0,1201.33333333333,715.999999999998,59.6004439511653,100
2008-12-19,71.3592233009709,0,1021.33333333333,634.666666666668,62.1409921671019,100
2008-12-22,65.862364363221,0,1078.66666666667,682.666666666665,63.2880098887515,100
2008-12-26,81.8532267275842,0,973.333333333333,569.333333333336,58.4931506849318,100
2008-12-30,71.1093660765277,5.05211307824101,718.666666666667,538.66666666667,74.953617810761,92.8952916373858
2009-01-02,67.8612221587664,0,848.000000000001,488,57.5471698113206,100
2009-01-05,64.2382924043404,0.479725870930896,818.666666666668,514.666666666663,62.8664495114001,99.2532088681447
2009-01-09,82.4778697886922,1.6290691033695,853.333333333331,487.999999999997,57.1874999999997,98.0248409572857
2009-01-12,54.2440034266134,0,842.666666666668,632.000000000001,75,100
2009-01-16,68.6107938320959,0,776,535.999999999997,69.0721649484532,100
2009-01-19,73.2331524842947,0.0549685893774976,873.333333333332,573.333333333329,65.6488549618317,99.9249402934152
2009-01-23,85.8509423186751,3.25314106225014,809.333333333333,465.333333333332,57.4958813838549,96.2107101280559
2009-01-26,72.4835808109652,0,1022.66666666666,577.333333333335,56.45371577575,100
2009-01-29,68.6107938320959,0,982.666666666665,541.333333333333,55.0881953867029,100
2009-02-02,88.0996573386636,3.10322672758424,1118.66666666667,637.333333333334,56.9725864123957,96.4775950085082
2009-02-05,70.3597944031982,0,966.666666666661,603.999999999996,62.4827586206896,100
2009-02-09,72.9832952598515,0,1073.33333333333,613.333333333334,57.1428571428572,100
2009-02-13,74.7322958309537,0,881.333333333331,534.666666666667,60.6656580937975,100
2009-02-16,74.6073672187322,0,1076,675.999999999997,62.8252788104088,100
2009-02-20,77.4807252998287,0,811.999999999999,477.333333333334,58.784893267652,100
2009-02-23,85.4761564820103,9.52455739577384,1013.33333333333,745.333333333334,73.5526315789474,88.8570593393745
2009-02-26,69.2354368932039,0.12992575671045,969.33333333333,606.666666666665,62.585969738652,99.81234211476
2009-03-02,71.9838663620788,0,1085.33333333333,685.333333333335,63.1449631449633,100
2009-03-05,70.7345802398629,0,913.333333333333,581.333333333331,63.6496350364961,100
2009-03-09,69.6102227298686,0,1002.66666666667,614.666666666664,61.3031914893615,100
2009-03-12,62.4892918332382,0,766.666666666665,488,63.6521739130435,100
2009-03-16,75.3569388920617,0,970.666666666666,601.333333333332,61.9505494505494,100
2009-03-19,80.8537978298115,0,1024,710.666666666668,69.4010416666666,100
2009-03-23,69.8600799543118,0.304825813820673,1357.33333333333,1014.66666666667,74.7544204322202,99.5636623748212
2009-03-26,62.3643632210166,0,1028.00000000001,705.333333333338,68.6121919584956,100
2009-03-30,54.7437178754997,0.12992575671045,1254.66666666667,908.000000000001,72.3698193411265,99.7626654495664
2009-04-02,46.8732153055397,0.379782981153626,1326.66666666667,994.666666666667,74.9748743718592,99.1897654584222
2009-04-06,51.1207881210737,0,1452,1082.66666666667,74.5638200183654,100
2009-04-09,60.7402912621359,0,1390.66666666666,1058.66666666667,76.1265580057529,100
2009-04-13,55.3683609366077,0,1298.66666666667,924.000000000002,71.1498973305955,100
2009-04-16,60.7402912621359,0,910.666666666667,610.666666666668,67.0571010248903,100
2009-04-20,66.8617932609937,0,986.666666666665,637.333333333334,64.5945945945948,100
2009-04-23,62.6142204454597,0.104940034266133,888,542.666666666666,61.1111111111111,99.8324022346369
2009-04-27,75.4818675042833,0,1032,657.333333333335,63.6950904392767,100
2009-04-30,68.9855796687607,0,962.666666666667,592.000000000003,61.4958448753465,100
2009-05-04,74.7322958309537,0,1045.33333333333,631.999999999999,60.4591836734694,100
2009-05-07,69.7351513420902,0,1005.33333333333,616,61.2732095490717,100
2009-05-11,65.7374357509994,1.70402627070245,889.33333333333,530.666666666667,59.6701649175415,97.4078297225389
2009-05-15,79.4795830953741,1.2043118218161,884,550.666666666665,62.2926093514327,98.4847532222572
2009-05-18,79.7294403198173,0.879497430039976,925.333333333329,625.33333333333,67.579250720461,98.8968975242871
2009-05-21,84.1019417475728,0.379782981153626,903.999999999998,565.33333333333,62.536873156342,99.5484254307784
2009-05-26,65.862364363221,1.07938320959452,1272,849.333333333335,66.7714884696018,98.361153262519
2009-05-28,51.4955739577384,35.9844374643061,930.666666666668,752,80.8022922636102,30.121300339641
2009-06-01,68.6107938320959,0,1166.66666666666,838.666666666663,71.8857142857143,100
2009-06-04,76.7311536264992,0,996,646.666666666669,64.9263721552881,100
2009-06-09,62.7391490576813,0,882.666666666667,506.66666666667,57.4018126888221,100
2009-06-11,68.4858652198744,0.104940034266133,814.666666666666,453.333333333337,55.6464811783965,99.8467712513681
2009-06-16,62.239434608795,0.179897201599085,681.333333333332,392.000000000001,57.5342465753427,99.7109594540345
2009-06-18,74.8572244431753,0.254854368932038,782.666666666669,429.333333333333,54.8551959114138,99.6595460614152
2009-06-22,79.9792975442604,0,995.999999999997,581.333333333331,58.3668005354752,100
2009-06-25,79.9792975442604,0.404768703597943,926.666666666665,547.999999999999,59.136690647482,99.493908153702
2009-06-29,69.3603655054255,0.00499714448886252,919.999999999999,513.333333333333,55.7971014492754,99.992795389049
2009-07-01,70.109937178755,0.0799543118218152,931.999999999995,543.999999999996,58.3690987124463,99.8859586600143
2009-07-09,67.1116504854369,0.704597372929753,718.666666666667,443.999999999998,61.7810760667901,98.9501116902457
2009-07-13,56.7425756710451,0.0799543118218152,864,413.333333333332,47.8395061728394,99.8590929106121
2009-07-16,54.9935750999429,0,738.666666666668,398.666666666667,53.9711191335739,100
2009-07-20,51.7454311821816,0,723.999999999997,414.666666666665,57.2744014732965,100
2009-07-23,85.4761564820103,0.429754426042261,1037.33333333333,678.666666666669,65.4241645244219,99.4972230342005
2009-07-27,98.0939463163906,0.0549685893774976,1168,739.999999999999,63.3561643835616,99.9439633214468
2009-08-03,72.233723586522,0.00499714448886252,1021.33333333333,666.666666666664,65.2741514360311,99.9930819785541
2009-08-06,74.357509994289,0,922.666666666666,553.333333333329,59.9710982658955,100
2009-08-10,80.72886921759,1.30425471159337,895.999999999999,526.666666666668,58.7797619047621,98.3844011142061
2009-08-13,68.6107938320959,0,790.666666666668,465.333333333335,58.8532883642497,100
2009-08-17,72.7334380354083,0.00499714448886252,820.000000000001,482.666666666667,58.8617886178861,99.9931295087599
2009-08-20,85.1013706453455,0,982.666666666668,573.333333333338,58.3446404341931,100
2009-08-24,62.1145059965734,0.329811536264991,850.666666666671,552.000000000004,64.8902821316616,99.4690265486726
2009-08-27,34.7551399200457,0.879497430039976,1065.33333333333,693.333333333331,65.0813516896119,97.4694464414091
2009-08-31,36.7539977155911,0.287335808109651,1201.33333333333,788.000000000002,65.5937846836851,99.2182188987084
2009-09-03,73.9827241576242,0.0799543118218152,1294.66666666667,823.999999999998,63.6457260556126,99.8919284025667
2009-09-08,73.6079383209594,0.479725870930896,1044,637.333333333334,61.0472541507025,99.3482688391039
2009-09-10,77.7305825242719,1.07938320959452,1149.33333333334,701.333333333333,61.0208816705334,98.6113789778206
2009-09-14,76.7311536264992,0,1021.33333333334,696,68.1462140992165,100
2009-09-17,83.3523700742433,0,1068,629.333333333335,58.9263420724098,100
2009-09-21,77.7305825242719,0,1066.66666666666,661.333333333335,62.0000000000002,100
2009-09-24,74.6073672187322,0,901.333333333335,546.666666666669,60.6508875739646,100
2009-09-28,78.1053683609366,0,1042.66666666666,625.333333333332,59.9744245524297,100
2009-10-01,68.2360079954312,0.00499714448886252,950.666666666668,518.666666666666,54.5582047685833,99.9926766752105
2009-10-05,65.7374357509994,0,1084,646.666666666666,59.6555965559656,100
2009-10-08,74.1076527698458,0.0549685893774976,867.999999999999,648,74.6543778801844,99.925826028321
2009-10-12,74.9821530553969,0.0799543118218152,866.666666666666,663.999999999995,76.6153846153841,99.893368877041
2009-10-15,56.7425756710451,0,1040,631.999999999999,60.7692307692306,100
2009-10-19,70.7345802398629,0,948.000000000002,612.000000000004,64.5569620253167,100
2009-10-22,74.357509994289,0,905.333333333331,672,74.2268041237115,100
2009-10-26,72.7334380354083,0,945.333333333333,705.333333333333,74.6121297602256,100
2009-10-30,74.1076527698458,0.679611650485436,1014.66666666667,766.666666666668,75.5584756898818,99.0829399865138
2009-11-02,72.3586521987436,0,1052,689.333333333334,65.5259822560204,100
2009-11-05,81.9781553398058,0.504711593375213,843.999999999999,714.666666666668,84.6761453396527,99.3843340444986
2009-11-09,42.6256424900057,0,1001.33333333334,727.999999999997,72.7030625832219,100
2009-11-13,69.2354368932039,0.929468874928611,858.666666666667,650.666666666669,75.7763975155282,98.657524359437
2009-11-16,73.2331524842947,0.279840091376355,832.000000000003,664.000000000001,79.8076923076921,99.6178778573866
2009-11-20,88.7243003997716,0,877.333333333334,677.333333333333,77.2036474164132,100
2009-11-24,75.6067961165049,1.27926898914906,891.999999999999,606.666666666668,68.0119581464875,98.3079973562459
2009-12-01,67.6113649343233,0,1080,653.333333333335,60.493827160494,100
2009-12-03,75.2320102798401,0,1089.33333333333,688.000000000004,63.1578947368424,100
2009-12-07,56.2428612221588,0,900.000000000001,569.333333333336,63.2592592592594,100
2009-12-10,68.4858652198744,0,847.999999999998,540.000000000003,63.6792452830193,100
2009-12-14,73.4830097087379,0.00499714448886252,793.333333333332,613.333333333334,77.3109243697481,99.9931995919755
2009-12-18,77.4807252998287,2.07881210736722,941.333333333336,594.666666666669,63.172804532578,97.3169945178975
2009-12-21,66.1122215876642,7.77055968018275,821.333333333332,622.666666666666,75.8116883116884,88.2464096749811
2009-12-28,85.1013706453455,0,877.333333333334,529.333333333331,60.334346504559,100
2010-01-04,72.233723586522,0.979440319817246,1200,798.666666666668,66.5555555555556,98.6440677966102
2010-01-11,22.2622786978869,17.1402055968018,645.333333333333,613.333333333334,95.0413223140497,23.0078563411897
2010-01-14,35.0049971444889,1.55411193603655,495.999999999999,369.333333333334,74.4623655913982,95.5603140613847
2010-01-18,49.7465733866362,0,884,592,66.9683257918552,100
2010-01-21,58.2417190177042,0.604654483152483,877.333333333334,562.666666666667,64.1337386018237,98.961818961819
2010-01-25,60.8652198743575,0,934.666666666667,561.333333333331,60.0570613409412,100
2010-02-01,45.3740719588806,0,672,417.333333333332,62.1031746031744,100
2010-02-04,62.239434608795,0,648,489.333333333333,75.514403292181,100
2010-02-08,61.4898629354655,0,817.333333333332,497.333333333332,60.8482871125611,100
2010-02-11,38.2531410622501,0,372,321.333333333336,86.3799283154129,100
2010-02-15,56.6176470588235,0.12992575671045,797.333333333331,488,61.2040133779265,99.7705207413945
2010-02-18,54.9935750999429,0.0549685893774976,670.666666666667,496.000000000002,73.9562624254475,99.9000454338937
2010-02-22,51.1207881210737,0.204882924043403,757.33333333333,491.999999999999,64.9647887323945,99.5992179863148
2010-02-25,46.1236436322102,0.154911479154768,698.666666666667,550.666666666665,78.8167938931296,99.6641386782232
2010-03-02,53.9941462021702,0.104940034266133,698.666666666667,530.666666666664,75.9541984732821,99.8056455344748
2010-03-04,55.9930039977156,0.154911479154768,586.66666666667,465.333333333335,79.3181818181817,99.723337795627
2010-03-09,43.5001427755568,0.00499714448886252,737.333333333335,489.333333333336,66.3652802893311,99.9885123492246
2010-03-12,47.8726442033124,0.0799543118218152,729.333333333333,525.333333333335,72.0292504570386,99.8329853862213
2010-03-16,41.1264991433467,0.204882924043403,361.333333333335,324,89.6678966789663,99.501822600243
2010-03-18,41.5012849800114,0.0799543118218152,624.000000000002,394.666666666668,63.2478632478632,99.8073449729079
2010-03-23,55.9930039977156,0.379782981153626,765.333333333335,510.666666666667,66.7247386759581,99.3217313699242
2010-03-25,41.5012849800114,0.104940034266133,714.666666666665,582.666666666668,81.529850746269,99.7471402769416
2010-03-30,64.363221016562,1.42918332381496,897.333333333332,554.666666666665,61.8127786032688,97.7795031055901
2010-04-08,65.862364363221,0.22986864648772,698.666666666667,471.999999999995,67.5572519083963,99.6509863429439
2010-04-13,56.6176470588235,0,777.333333333333,500.000000000001,64.3224699828475,100
2010-04-15,64.2382924043404,0.00499714448886252,819.999999999999,541.33333333333,66.0162601626013,99.9922209257098
2010-04-20,56.9924328954883,0,670.66666666667,476.000000000001,70.9741550695823,100
2010-04-22,36.2542832667047,0.279840091376355,548.000000000002,500.000000000001,91.2408759124087,99.2281185389387
2010-05-04,71.2342946887493,0,713.333333333335,508.000000000003,71.2149532710283,100
2010-05-06,68.6107938320959,0,683.999999999999,448.000000000001,65.4970760233921,100
2010-05-11,72.6085094231867,0.254854368932038,720.000000000001,488.000000000005,67.7777777777785,99.6490020646937
2010-05-20,71.1093660765277,0,679.999999999999,545.333333333335,80.196078431373,100
2010-05-25,55.868075385494,1.00442604226156,616,139.999999999999,22.7272727272726,98.2021466905188
2010-06-01,66.7368646487721,0,604.000000000001,571.999999999999,94.7019867549665,100
2010-06-03,64.4881496287836,0.0299828669331801,793.333333333332,465.333333333332,58.655462184874,99.953506392871
2010-06-08,66.3620788121074,0.12992575671045,805.333333333333,497.333333333335,61.7549668874174,99.8042168674699
2010-06-10,64.2382924043404,0,688.000000000001,411.999999999996,59.8837209302319,100
2010-06-15,52.9947173043975,1.0543974871502,834.666666666664,581.333333333328,69.6485623003192,98.010372465818
2010-06-17,54.9935750999429,0.154911479154768,569.333333333333,458.666666666669,80.5620608899303,99.7183098591549
2010-06-22,72.6085094231867,0.354797258709308,781.333333333336,470.666666666671,60.2389078498297,99.511355815554
2010-06-24,56.6176470588235,0.0799543118218152,845.333333333335,546.666666666666,64.6687697160881,99.8587819947043
2010-06-29,68.3609366076528,0,847.999999999995,525.333333333329,61.949685534591,100
2010-07-01,63.6136493432324,0.654625928041118,893.333333333336,494.666666666665,55.3731343283579,98.9709347996858
2010-07-06,47.4978583666476,1.17932609937179,778.666666666667,530.666666666664,68.1506849315066,97.5170962651236
2010-07-08,55.9930039977156,1.00442604226156,809.333333333336,478.66666666667,59.1433278418454,98.2061579651941
2010-07-13,53.8692175899486,0.304825813820673,568.000000000003,356.000000000002,62.6760563380283,99.4341372912802
2010-07-15,63.2388635065677,1.07938320959452,853.333333333334,491.999999999999,57.6562499999998,98.293164757013
2010-07-19,66.9867218732153,1.87892632781268,925.333333333332,541.333333333333,58.5014409221902,97.195076464006
2010-07-22,71.9838663620788,1.60408338092519,573.333333333332,402.666666666667,70.232558139535,97.7716070808747
2010-07-27,68.7357224443175,0,1092,648,59.3406593406592,100
2010-07-29,66.487007424329,0,717.333333333331,527.999999999998,73.6059479553903,100
2010-08-03,62.4892918332382,0,1053.33333333334,660.000000000001,62.6582278481013,100
2010-08-05,43.8749286122216,0.454740148486578,897.333333333335,568,63.2986627043089,98.9635535307517
2010-08-10,72.8583666476299,0.0799543118218152,921.33333333333,558.666666666667,60.6367583212738,99.8902606310014
2010-08-12,68.2360079954312,0.704597372929753,664.000000000001,505.333333333334,76.1044176706827,98.9674112046869
2010-08-17,46.4984294688749,5.7517133066819,500.000000000001,309.333333333335,61.8666666666668,87.6303062869425
2010-08-19,63.738577955454,7.50071387778412,530.666666666664,303.999999999999,57.2864321608041,88.2320658565269
2010-08-24,2.02384351798972,2.35365505425471,429.333333333333,397.333333333334,92.5465838509318,0
2010-08-27,4.52241576242147,0.654625928041118,362.666666666671,349.333333333336,96.3235294117643,85.5248618784531
2010-08-31,5.77170188463735,0,345.333333333334,273.333333333333,79.1505791505789,100
2010-09-02,20.8880639634495,1.97886921758995,257.333333333338,201.333333333338,78.2383419689124,90.5263157894737
2010-09-07,23.3866362078812,0.454740148486578,361.333333333329,249.333333333332,69.003690036901,98.0555555555556
2010-09-09,22.1373500856653,0.179897201599085,329.333333333336,266.66666666667,80.9716599190288,99.1873589164786
2010-09-13,36.1293546544832,0,489.333333333333,397.333333333331,81.1989100817435,100
2010-09-17,48.7471444888635,0.279840091376355,505.333333333334,284.000000000001,56.2005277044857,99.4259354177345
2010-09-20,63.4887207310109,0.329811536264991,613.333333333334,324,52.8260869565217,99.4805194805195
2010-09-24,64.1133637921188,0.204882924043403,660.000000000001,341.333333333334,51.7171717171718,99.680436477007
2010-09-27,62.4892918332382,0.404768703597943,718.666666666668,462.666666666669,64.3784786641932,99.3522590963615
2010-10-01,51.1207881210737,0,770.666666666665,415.999999999996,53.9792387543248,100
2010-10-04,56.8675042832667,0,768.000000000001,389.333333333332,50.6944444444442,100
2010-10-08,63.9884351798972,0,793.333333333332,381.333333333333,48.0672268907563,100
2010-10-11,53.744288977727,0.0549685893774976,729.333333333333,381.333333333336,52.2851919561247,99.8977219897722
2010-10-15,47.997572815534,0.0299828669331801,726.666666666667,389.333333333335,53.5779816513764,99.9375325351379
2010-10-18,60.8652198743575,0,742.666666666665,390.666666666668,52.6032315978459,100
2010-10-22,52.9947173043975,1.80396916047972,836,481.333333333334,57.5757575757576,96.5959453088166
2010-11-02,58.7414334665905,0.304825813820673,629.333333333332,357.333333333332,56.7796610169491,99.4810718843046
2010-11-05,46.7482866933181,0,611.999999999998,401.333333333331,65.5773420479301,100
2010-11-08,47.8726442033124,0,620.000000000003,410.666666666669,66.236559139785,100
2010-11-12,30.3826384922901,0,582.666666666668,466.666666666669,80.0915331807782,100
2010-11-16,36.7539977155911,0,589.333333333331,441.333333333335,74.8868778280549,100
2010-11-19,52.4950028555111,0,677.333333333333,466.666666666666,68.8976377952755,100
2010-11-23,49.6216447744146,0,664.000000000001,493.333333333335,74.2971887550203,100
2010-11-30,1.89891490576813,9.19974300399772,376,330.666666666666,87.9432624113473,0
2010-12-03,10.7688463735009,2.15376927470017,206.666666666665,170.666666666666,82.5806451612906,80
2010-12-06,3.39805825242718,4.10265562535694,209.333333333334,162.666666666667,77.7070063694265,0
2010-12-10,6.64620217018846,5.40191319246145,289.333333333331,278.666666666666,96.3133640552999,18.7218045112781
2010-12-13,9.89434608794974,6.12649914334666,318.666666666664,270.666666666666,84.9372384937245,38.0808080808081
2010-12-16,4.52241576242147,3.60294117647059,337.333333333338,355.999999999999,100,20.3314917127071
2010-12-20,11.7682752712736,4.30254140491148,290.666666666664,253.333333333332,87.1559633027526,63.4394904458599
2010-12-23,13.0175613934894,9.62450028555111,334.666666666668,282.666666666668,84.4621513944223,26.0652591170825
2010-12-27,29.0084237578527,0,421.333333333334,286.666666666665,68.0379746835437,100
2010-12-31,30.1327812678469,0.00499714448886252,464.000000000002,257.333333333335,55.4597701149426,99.983416252073
2011-01-04,44.6245002855511,0.179897201599085,661.333333333332,397.333333333334,60.0806451612906,99.5968645016797
2011-01-07,47.3729297544261,0,177.333333333332,-94.6666666666681,0,100
2011-01-10,43.5001427755568,0.429754426042261,564.000000000003,350.666666666667,62.1749408983448,99.0120620333142
2011-01-13,49.496716162193,0,506.666666666667,242.66666666667,47.8947368421058,100
2011-01-17,46.9981439177613,0,697.333333333333,401.333333333333,57.5525812619503,100
2011-01-21,59.6159337521416,0,887.999999999997,537.33333333333,60.5105105105104,100
2011-01-25,38.7528555111365,0,632.000000000001,490.666666666672,77.6371308016884,100
2011-01-28,58.3666476299258,2.55354083380925,969.333333333333,601.333333333332,62.0357634112791,95.625
2011-01-31,58.7414334665905,0.0799543118218152,674.666666666666,426.666666666664,63.2411067193672,99.8638877073586
2011-02-04,59.1162193032553,0,1190.66666666667,703.999999999999,59.1265397536394,100
2011-02-07,57.991861793261,0.0299828669331801,1209.33333333333,762.666666666663,63.0650496141121,99.9482981473503
2011-02-11,66.1122215876642,6.97601370645345,625.333333333333,437.333333333335,69.936034115139,89.448223733938
2011-02-14,65.4875785265563,0,577.333333333332,472.000000000001,81.7551963048503,100
2011-02-18,66.9867218732153,1.85394060536836,777.333333333333,498.666666666668,64.1509433962266,97.2323759791123
2011-02-21,67.8612221587664,0.204882924043403,822.666666666668,456,55.4294975688816,99.6980854197349
2011-02-25,58.2417190177042,2.35365505425471,769.333333333334,428.000000000003,55.6325823223574,95.958815958816
2011-03-01,63.1139348943461,2.12878355225585,813.333333333333,441.333333333335,54.2622950819675,96.6270783847981
2011-03-05,73.3580810965163,1.72901199314677,966.666666666664,602.666666666665,62.3448275862069,97.6430517711172
2011-03-08,72.6085094231867,0.304825813820673,686.666666666662,427.999999999997,62.3300970873787,99.5801789401239
2011-03-10,75.1070816676185,0,953.333333333326,539.999999999997,56.6433566433567,100
2011-03-22,53.8692175899486,0,752.000000000003,462.666666666669,61.5248226950355,100
2011-03-25,69.6102227298686,0.854511707595659,994.666666666664,616,61.9302949061664,98.7724335965542
2011-03-29,60.4904340376928,2.17875499714449,832,451.999999999998,54.3269230769228,96.3981825691863
2011-04-01,65.9872929754426,0,925.333333333332,543.999999999999,58.7896253602305,100
2011-04-05,60.9901484865791,2.25371216447744,1036,564,54.4401544401544,96.3047931175748
2011-04-08,62.239434608795,0.22986864648772,899.999999999999,467.999999999999,52,99.6306704134886
2011-04-12,68.4858652198744,0,669.333333333337,361.333333333335,53.9840637450199,100
2011-04-15,65.4875785265563,0.604654483152483,747.999999999998,407.999999999999,54.5454545454547,99.0766882869134
2011-04-19,16.6404911479155,1.00442604226156,290.666666666667,275.999999999999,94.9541284403665,93.963963963964
2011-04-22,14.5167047401485,12.4229011993147,183.999999999997,162.666666666667,88.4057971014504,14.4234079173838
2011-04-26,23.8863506567676,16.2457167332953,356.000000000002,333.333333333332,93.6329588014972,31.9874476987448
2011-04-29,18.0147058823529,21.3927755568247,222.666666666669,1400,100,0
2011-05-03,61.7397201599086,10.9237578526556,348,295.999999999997,85.0574712643669,82.30675839741
2011-05-06,58.6165048543689,22.2422901199315,98.6666666666706,81.3333333333362,82.4324324324321,62.0545609548167
2011-05-09,56.3677898343803,27.2619217589949,705.466666666667,686.666666666668,97.3350973350975,51.6356382978723
2011-05-13,58.2417190177042,2.4785836664763,460.000000000006,313.333333333334,68.1159420289849,95.7443157443157
2011-05-19,66.7368646487721,0.354797258709308,486.666666666669,278.666666666671,57.2602739726034,99.4683639086484
2011-05-23,51.2457167332953,0.754568817818389,1070.66666666667,690.666666666668,64.508094645081,98.5275475377864
2011-05-26,54.368932038835,0.0799543118218152,1258.66666666667,769.333333333334,61.1228813559323,99.8529411764706
2011-05-31,59.1162193032553,0,629.333333333332,378.666666666666,60.1694915254238,100
2011-06-03,59.1162193032553,0,407.999999999999,257.333333333332,63.0718954248363,100
2011-06-06,69.8600799543118,0,1537.33333333334,993.33333333333,64.6140503035556,100
2011-06-09,64.7380068532267,0,1244,697.333333333333,56.0557341907823,100
2011-06-13,70.8595088520845,0.0299828669331801,1489.33333333333,873.333333333332,58.63921217547,99.9576868829337
2011-06-17,67.6113649343233,0,1774.66666666667,1424,80.2404207362883,100
2011-06-20,55.2434323243861,0,1282.66666666666,904.000000000001,70.4781704781707,100
2011-06-23,34.8800685322673,0,1021.33333333333,612.000000000004,59.9216710182771,100
2011-06-27,54.1190748143918,0,975.999999999996,550.666666666665,56.4207650273225,100
2011-07-01,54.4938606510565,0,850.800000000005,433.466666666667,50.9481272527815,100
2011-07-05,42.1259280411194,0,842.666666666668,392.000000000001,46.5189873417722,100
2011-07-08,83.9770131353512,0.0299828669331801,967.999999999997,569.333333333333,58.8154269972453,99.9642963403749
2011-07-11,59.1162193032553,0.679611650485436,984.000000000001,593.333333333333,60.2981029810297,98.8503803888419
2011-07-15,42.5007138777841,0.604654483152483,873.333333333335,492.000000000002,56.3358778625956,98.5773074661963
2011-07-18,69.8600799543118,0,982.666666666668,608.000000000001,61.8724559023067,100
2011-07-21,18.0147058823529,23.6664762992576,1060,861.333333333333,81.25786163522,0
2011-07-26,54.8686464877213,0,1132,769.333333333335,67.9623085983513,100
2011-07-29,23.0118503712164,26.6647629925757,402.666666666667,238.666666666667,59.271523178808,0
2011-08-01,72.1087949743004,0.179897201599085,915.999999999997,629.333333333332,68.7045123726347,99.7505197505198
2011-08-04,60.7402912621359,0.154911479154768,1016,604.000000000001,59.4488188976379,99.7449609214315
2011-08-09,60.115648201028,0.22986864648772,981.333333333332,561.333333333334,57.2010869565218,99.6176226101413
2011-08-12,59.2411479154769,0.12992575671045,792.000000000001,402.66666666667,50.8417508417511,99.7806832560101
2011-08-15,31.5069960022844,0.00499714448886252,869.333333333335,461.33333333333,53.0674846625762,99.9841395717685
2011-08-22,62.3643632210166,0,922.666666666666,473.333333333334,51.3005780346823,100
2011-08-25,56.7425756710451,0.12992575671045,800.000000000001,474.666666666665,59.3333333333331,99.7710259797446
2011-08-29,73.6079383209594,7.40077098800685,869.333333333332,437.333333333335,50.306748466258,89.9456890699253
2011-09-02,52.245145631068,0.104940034266133,1081.33333333334,572.000000000002,52.8976572133168,99.7991391678623
2011-09-06,59.3660765276985,0,945.333333333333,509.333333333336,53.8787023977437,100
2011-09-09,51.62050256996,0,716.000000000001,396.000000000001,55.3072625698324,100
2011-09-12,70.109937178755,0,1108,599.999999999999,54.1516245487364,100
2011-09-15,73.1082238720731,0,940,530.666666666667,56.4539007092199,100
2011-09-19,74.2325813820674,0.0549685893774976,964.000000000003,544.000000000002,56.4315352697096,99.9259508582969
2011-09-23,75.9815819531696,0,950.666666666668,557.333333333334,58.625525946704,100
2011-09-30,74.6073672187322,11.1986007995431,738.666666666671,501.333333333337,67.8700361010832,84.9899531145345
2011-10-03,23.5115648201028,6.25142775556825,393.333333333334,321.333333333333,81.6949152542371,73.4112646121148
2011-10-07,15.5161336379212,14.7215876641919,190.666666666669,182.66666666667,95.8041958041963,5.12077294685987
2011-10-14,49.3717875499714,0,683.999999999999,474.666666666665,69.3957115009745,100
2011-10-17,64.2382924043404,0,845.333333333335,527.999999999998,62.4605678233435,100
2011-10-21,58.2417190177042,0,705.33333333333,369.333333333331,52.3629489603024,100
2011-10-24,71.4841519131925,0.254854368932038,602.666666666668,309.333333333335,51.3274336283187,99.6434813002447
2011-10-28,71.7340091376356,0,626.666666666663,338.666666666665,54.0425531914894,100
2011-10-31,61.3649343232439,0,731.999999999999,458.666666666667,62.6593806921676,100
2011-11-04,88.9741576242147,37.8583666476299,463.999999999999,311.999999999998,67.2413793103445,57.4501544509969
2011-11-07,62.9890062821245,0,1086.66666666667,697.333333333336,64.1717791411047,100
2011-11-11,52.4950028555111,0,663.999999999998,472.000000000004,71.0843373493985,100
2011-11-14,31.631924614506,0,688.000000000004,710.666666666665,100,100
2011-11-18,26.8846373500857,0,634.666666666668,494.666666666668,77.9411764705884,100
2011-11-21,50.8709308966305,0,902.666666666662,501.333333333331,55.5391432791729,100
2011-11-28,25.260565391205,4.85222729868646,627.999999999999,525.333333333332,83.6518046709128,80.7912957467854
2011-12-02,34.3803540833809,0,885.333333333333,629.333333333335,71.0843373493978,100
2011-12-05,55.7431467732724,0,951.999999999999,578.666666666665,60.7843137254901,100
2011-12-09,67.8612221587664,0,912,426.666666666667,46.7836257309942,100
2011-12-12,49.6216447744146,0,1245.33333333333,731.999999999996,58.7794432548179,100
2011-12-16,57.2422901199315,0.0799543118218152,1333.33333333333,902.666666666665,67.7000000000001,99.8603230030554
2011-12-19,52.6199314677327,0,1085.33333333334,713.333333333335,65.7248157248158,100
2011-12-28,21.7625642490006,0,931.999999999998,833.33333333333,89.4134477825464,100
2012-01-03,53.3695031410623,0,1098.66666666667,668.000000000003,60.8009708737865,100
2012-01-06,82.6027984009138,0,1218.66666666667,1015.99999999999,83.3698030634569,100
2012-01-09,52.1202170188464,0,1426.66666666666,975.999999999999,68.4112149532711,100
2012-01-13,70.3597944031982,0,1412,984.000000000001,69.6883852691218,100
2012-01-16,67.4864363221017,0.0299828669331801,1241.33333333333,741.333333333332,59.720730397422,99.9555720103665
2012-01-20,57.8669331810394,0.329811536264991,1293.33333333333,765.333333333329,59.1752577319586,99.4300518134715
2012-01-23,54.9935750999429,0,1204,713.333333333335,59.2469545957919,100
2012-01-27,64.2382924043404,1.87892632781268,1064,587.999999999997,55.2631578947367,97.0750680669
2012-01-30,56.7425756710451,0,1021.33333333333,563.999999999997,55.2219321148822,100
2012-02-03,61.2400057110223,0,945.333333333336,375.999999999997,39.7743300423127,100
2012-02-06,60.2405768132496,0.0799543118218152,759.999999999996,390.666666666665,51.4035087719299,99.8672749896309
2012-02-09,64.6130782410051,0.0299828669331801,790.666666666665,396.000000000001,50.0843170320407,99.953596287703
2012-02-13,56.6176470588235,0,868.000000000002,457.333333333336,52.688172043011,100
2012-02-17,64.6130782410051,0.22986864648772,890.666666666666,450.666666666664,50.5988023952094,99.6442382057231
2012-02-20,54.9935750999429,0,862.666666666669,465.333333333332,53.9412673879441,100
2012-02-24,60.7402912621359,1.6290691033695,894.666666666669,456,50.9687034277197,97.3179761415056
2012-02-27,52.4950028555111,0,745.333333333331,378.666666666666,50.8050089445439,100
2012-03-02,34.1304968589377,7.22587093089663,390.666666666665,289.333333333334,74.0614334470995,78.8286969253294
2012-03-05,46.6233580810965,0,664.000000000001,402.666666666667,60.6425702811244,100
2012-03-09,66.1122215876642,0,937.333333333334,609.333333333331,65.0071123755332,100
2012-03-12,71.8589377498572,0,1008,573.333333333332,56.8783068783067,100
2012-03-15,46.7482866933181,0,1101.33333333333,886.666666666664,80.5084745762711,100
2012-03-19,58.9912906910337,0.429754426042261,1029.33333333333,665.333333333331,64.6373056994817,99.2714951291826
2012-03-23,62.4892918332382,0,594.666666666663,322.666666666667,54.260089686099,100
2012-03-26,61.614791547687,0.0299828669331801,986.666666666665,577.333333333332,58.5135135135135,99.9513381995134
2012-03-30,60.7402912621359,0,960.000000000004,553.333333333335,57.6388888888888,100
2012-04-02,62.4892918332382,0,1141.33333333333,608.000000000001,53.2710280373832,100
2012-04-05,62.239434608795,0,937.333333333331,558.666666666667,59.6017069701283,100
2012-04-13,58.6165048543689,0,957.333333333335,633.333333333335,66.1559888579388,100
2012-04-16,48.4972872644203,0,914.666666666667,517.333333333333,56.5597667638483,100
2012-04-19,55.4932895488293,0,819.999999999999,609.333333333331,74.3089430894308,100
2012-04-23,54.368932038835,0,821.333333333338,466.666666666669,56.8181818181818,100
2012-04-27,62.239434608795,0,744.000000000001,514.666666666666,69.1756272401432,100
2012-04-30,65.3626499143347,0,1030.66666666667,576.000000000002,55.8861578266496,100
2012-05-04,68.1110793832096,3.70288406624786,894.666666666666,497.333333333335,55.5886736214607,94.5634629493764
2012-05-07,52.1202170188464,0.104940034266133,1032,584.000000000001,56.5891472868218,99.7986577181208
2012-05-11,59.6159337521416,0.104940034266133,1013.33333333333,601.333333333332,59.3421052631577,99.823973176865
2012-05-14,58.7414334665905,0.12992575671045,878.666666666671,517.333333333336,58.8770864946889,99.7788175244577
2012-05-18,57.1173615077099,0.12992575671045,1277.33333333333,775.999999999997,60.751565762004,99.7725284339458
2012-05-21,76.7311536264992,2.52855511136493,855.999999999998,503.999999999998,58.8785046728971,96.7046564636926
2012-05-24,62.239434608795,0,1241.33333333333,782.666666666663,63.0504833512352,100
2012-05-28,62.1145059965734,0.304825813820673,897.333333333335,537.333333333333,59.8811292719167,99.5092518101368
2012-05-31,64.2382924043404,0,1050.66666666667,630.666666666668,60.0253807106599,100
2012-06-04,65.862364363221,0,941.333333333333,563.999999999997,59.9150141643056,100
2012-06-08,52.9947173043975,0.0799543118218152,1076,681.333333333332,63.3209417596034,99.8491277699199
2012-06-11,63.2388635065677,0,1130.66666666667,708.000000000002,62.6179245283021,100
2012-06-15,61.9895773843518,0.204882924043403,1129.33333333333,721.333333333334,63.8724911452185,99.6694881096332
2012-06-18,53.1196459166191,0,1034.66666666667,677.333333333333,65.463917525773,100
2012-06-21,53.3695031410623,0,916.000000000003,700,76.4192139737989,100
2012-06-25,60.8652198743575,0,738.666666666665,610.666666666667,82.6714801444046,100
2012-06-28,66.3620788121074,0.0799543118218152,701.333333333336,617.333333333336,88.022813688213,99.8795180722892
2012-07-01,57.4921473443746,0,592,554.666666666668,93.6936936936939,100
2012-07-06,54.7437178754997,0.204882924043403,905.333333333331,625.333333333333,69.0721649484537,99.6257416704701
2012-07-09,67.7362935465448,0,914.666666666667,741.333333333335,81.0495626822159,100
2012-07-12,84.1019417475728,11.0486864648772,695.999999999997,503.999999999998,72.4137931034482,86.8627450980392
2012-07-16,69.9850085665334,0.204882924043403,677.333333333333,494.666666666668,73.0314960629924,99.7072474116387
2012-07-30,53.3695031410623,0.0299828669331801,506.66666666667,509.333333333336,100,99.9438202247191
2012-08-03,48.8720731010851,0,1018.66666666666,838.666666666666,82.3298429319373,100
2012-08-06,49.2468589377499,0.0549685893774976,747.999999999998,538.000000000001,71.92513368984,99.8883815322172
2012-08-09,59.49100513992,1.22929754426042,553.333333333335,489.333333333336,88.4337349397593,97.9336413271735
2012-08-14,61.7397201599086,0.329811536264991,592,412.000000000002,69.594594594595,99.4658033184945
2012-08-17,51.62050256996,0.0299828669331801,612.000000000001,413.333333333332,67.5381263616555,99.9419167473378
2012-08-27,7.39577384351799,0.12992575671045,905.333333333334,601.333333333332,66.4212076583209,98.2432432432433
2012-08-31,3.52298686464877,0.0549685893774976,497.333333333332,343.999999999998,69.1689008042893,98.4397163120568
2012-09-03,56.9924328954883,0.379782981153626,430.66666666667,418.666666666671,97.213622291022,99.3336256028058
2012-09-07,54.8686464877213,0,557.333333333331,384.000000000002,68.8995215311011,100
2012-09-10,50.121359223301,36.6340662478584,604.000000000001,540,89.4039735099335,26.9092721834496
2012-09-14,46.4984294688749,0,592,438.666666666669,74.0990990990994,100
2012-09-17,58.6165048543689,0.279840091376355,533.333333333334,498.666666666668,93.5000000000002,99.5225916453538
2012-09-20,8.76998857795545,0,550.666666666665,404,73.3656174334142,100
2012-09-23,40.127070245574,0,546.666666666666,429.333333333333,78.5365853658538,100
2012-09-27,44.7494288977727,0,381.333333333336,327.999999999999,86.0139860139853,100
2012-09-30,2.52355796687607,0,560,377.333333333333,67.3809523809523,100
2012-10-05,53.2445745288407,0,741.333333333335,514.666666666669,69.4244604316549,100
2012-10-08,49.1219303255283,0,1742.66666666666,1134.66666666667,65.1109410864578,100
2012-10-11,61.4898629354655,0.154911479154768,1096,737.333333333335,67.2749391727493,99.7480698902885
2012-10-15,146.81610508281,0,1932,1477.33333333334,76.4665286404418,100
2012-10-19,64.1133637921188,0,979.999999999999,654.666666666668,66.8027210884356,100
2012-10-22,63.2388635065677,0.179897201599085,514.666666666669,497.333333333335,96.6321243523314,99.7155274595022
2012-10-25,68.7357224443175,0,724,654.666666666668,90.423572744015,100
2012-10-29,41.3763563677898,0.00499714448886252,1262.66666666666,997.33333333333,78.9862724392819,99.987922705314
2012-11-01,100.592518560822,0.579668760708166,1046.66666666667,998.666666666669,95.4140127388532,99.4237456532539
2012-11-06,49.496716162193,0.204882924043403,952.000000000002,762.666666666665,80.1120448179269,99.5860676426047
2012-11-08,51.4955739577384,0.529697315819531,914.666666666664,620,67.784256559767,98.9713731198447
2012-11-13,68.1110793832096,0.329811536264991,1185.33333333333,947.999999999999,79.9775028121484,99.5157740278797
2012-11-16,30.2577098800685,0.279840091376355,1096,850.666666666668,77.615571776156,99.0751445086705
2012-11-19,48.2474300399772,0.379782981153626,946.666666666663,729.333333333333,77.042253521127,99.2128430864837
2012-11-27,53.2445745288407,0.429754426042261,654.666666666668,497.333333333335,75.9674134419552,99.1928671984984
2012-11-29,51.8703597944032,0.204882924043403,465.333333333332,402.666666666661,86.5329512893972,99.6050096339114
2012-12-04,57.2422901199315,0.12992575671045,629.333333333332,396.000000000001,62.9237288135596,99.7730248799651
2012-12-07,57.6170759565962,0.154911479154768,672,537.333333333333,79.9603174603175,99.7311361665221
2012-12-11,61.3649343232439,0.304825813820673,1026.66666666667,694.666666666667,67.6623376623375,99.5032573289902
2012-12-15,49.2468589377499,0,960.000000000001,692.000000000001,72.0833333333333,100
2012-12-17,48.9970017133067,0,762.666666666666,549.333333333332,72.027972027972,100
2013-01-13,83.4772986864649,0.979440319817246,1205.33333333333,852.133333333335,70.6969026548674,98.8266985932356
2013-01-21,58.9912906910337,0,756,465.333333333329,61.5520282186944,100
2013-01-25,82.7277270131354,0,924.000000000002,637.333333333334,68.9754689754689,100
2013-01-28,79.4795830953741,0,1196,866.666666666666,72.4637681159419,100
2013-02-01,80.9787264420331,2.17875499714449,1493.33333333333,900.000000000001,60.2678571428572,97.3094723850663
2013-02-06,2.89834380354083,0.0299828669331801,1286.66666666667,970.666666666666,75.440414507772,98.9655172413794
2013-02-08,77.6056539120503,4.45245573957738,766.666666666668,531.999999999998,69.3913043478257,94.2627173213136
2013-02-11,43.9998572244432,0,683.999999999999,581.333333333331,84.9902534113059,100
2013-02-18,47.6227869788692,2.0538263849229,885.333333333331,546.666666666666,61.7469879518073,95.6873032528856
2013-02-22,31.631924614506,0,825.333333333337,554.666666666671,67.2051696284331,100
2013-02-25,34.7551399200457,0.829525985151341,1357.33333333334,847.999999999999,62.4754420432217,97.6132278936017
2013-03-01,83.8520845231296,0,825.333333333331,347.999999999997,42.1647819063002,100
2013-03-04,56.3677898343803,0,857.333333333334,529.333333333334,61.741835147745,100
2013-03-08,52.4950028555111,0.279840091376355,722.666666666667,452.000000000001,62.5461254612547,99.4669205140409
2013-03-15,57.7420045688178,0,877.333333333334,619.999999999997,70.6686930091181,100
2013-03-18,59.49100513992,2.27869788692176,542.666666666669,238.666666666667,43.9803439803438,96.1696766064679
2013-04-03,47.7477155910908,0.879497430039976,549.333333333332,546.666666666663,99.5145631067956,98.1580324437467
2013-04-05,48.1225014277556,0.254854368932038,418.666666666668,310.666666666668,74.203821656051,99.4704049844237
2013-04-12,54.1190748143918,0,561.333333333331,324,57.7197149643708,100
2013-04-15,59.8657909765848,0,685.333333333332,430.666666666667,62.8404669260702,100
2013-04-20,49.2468589377499,0.154911479154768,717.999999999996,456,63.5097493036215,99.6854388635211
2013-04-23,47.997572815534,0,485.333333333333,333.333333333335,68.6813186813191,100
2013-04-26,44.1247858366648,0.829525985151341,532.000000000001,336.000000000001,63.1578947368423,98.1200453001132
2013-04-30,52.9947173043975,0,742.666666666665,454.666666666664,61.2208258527826,100
2013-05-03,74.2325813820674,7.3258138206739,757.333333333333,462.666666666666,61.0915492957746,90.1312689330192
2013-05-10,48.7471444888635,0.254854368932038,825.333333333331,549.333333333329,66.5589660743131,99.4771911840082
2013-05-13,27.0095659623073,1.15434037692747,633.333333333332,549.333333333332,86.7368421052632,95.7261794634598
2013-05-20,60.6153626499143,0.504711593375213,717.333333333334,485.33333333333,67.6579925650552,99.1673536685903
2013-05-30,39.1276413478013,0.904483152484294,613.333333333334,523.999999999995,85.4347826086948,97.6883780332056
